{"cameraMode":{"drawMode":0,"name":"Shaded","section":"Shading Mode"},"sceneLighting":true,"audioPlay":false,"sceneViewState":{"m_AlwaysRefresh":false,"showFog":true,"showSkybox":true,"showFlares":true,"showImageEffects":true,"showParticleSystems":true,"showVisualEffectGraphs":true,"m_FxEnabled":true},"in2DMode":false,"pivot":{"x":0.6742051839828491,"y":7.0731916427612309,"z":0.9343516826629639},"rotation":{"x":0.0032875859178602697,"y":0.9636091589927673,"z":-0.2670077085494995,"w":0.011853142641484738},"size":3.6247448921203615,"orthographic":false}